655823,红海行动,http://www.cbooo.cn/m/655823,2018
663419,唐人街探案2,http://www.cbooo.cn/m/663419,2018
676313,我不是药神,http://www.cbooo.cn/m/676313,2018
671983,西虹市首富,http://www.cbooo.cn/m/671983,2018
656875,捉妖记2,http://www.cbooo.cn/m/656875,2018
663327,后来的我们,http://www.cbooo.cn/m/663327,2018
677028,一出好戏,http://www.cbooo.cn/m/677028,2018
678141,无双,http://www.cbooo.cn/m/678141,2018
676391,超时空同居,http://www.cbooo.cn/m/676391,2018
678587,无名之辈,http://www.cbooo.cn/m/678587,2018
589946,无问西东,http://www.cbooo.cn/m/589946,2018
644530,西游记女儿国,http://www.cbooo.cn/m/644530,2018
589352,影,http://www.cbooo.cn/m/589352,2018
684192,来电狂响,http://www.cbooo.cn/m/684192,2018
660451,狄仁杰之四大天王,http://www.cbooo.cn/m/660451,2018
670573,熊出没·变形记,http://www.cbooo.cn/m/670573,2018
672319,李茶的姑妈,http://www.cbooo.cn/m/672319,2018
638109,邪不压正,http://www.cbooo.cn/m/638109,2018
612645,爱情公寓,http://www.cbooo.cn/m/612645,2018
660959,动物世界,http://www.cbooo.cn/m/660959,2018
675239,厉害了，我的国,http://www.cbooo.cn/m/675239,2018
668657,反贪风暴3,http://www.cbooo.cn/m/668657,2018
654239,快把我哥带走,http://www.cbooo.cn/m/654239,2018
669662,幕后玩家,http://www.cbooo.cn/m/669662,2018
672933,悲伤逆流成河,http://www.cbooo.cn/m/672933,2018
680427,黄金兄弟,http://www.cbooo.cn/m/680427,2018
675304,找到你,http://www.cbooo.cn/m/675304,2018
642519,地球最后的夜晚,http://www.cbooo.cn/m/642519,2018
669661,胖子行动队,http://www.cbooo.cn/m/669661,2018
626831,南极之恋,http://www.cbooo.cn/m/626831,2018
653845,猛虫过江,http://www.cbooo.cn/m/653845,2018
670442,祖宗十九代,http://www.cbooo.cn/m/670442,2018
672751,新大头儿子和小头爸爸3：俄罗斯奇遇记,http://www.cbooo.cn/m/672751,2018
637824,欧洲攻略,http://www.cbooo.cn/m/637824,2018
672799,云南虫谷,http://www.cbooo.cn/m/672799,2018
674426,大师兄,http://www.cbooo.cn/m/674426,2018
660756,叶问外传：张天志,http://www.cbooo.cn/m/660756,2018
637873,新乌龙院之笑闹江湖,http://www.cbooo.cn/m/637873,2018
682647,天气预爆,http://www.cbooo.cn/m/682647,2018
677201,风语咒,http://www.cbooo.cn/m/677201,2018
642174,21克拉,http://www.cbooo.cn/m/642174,2018
673286,神秘世界历险记4,http://www.cbooo.cn/m/673286,2018
652546,幸福马上来,http://www.cbooo.cn/m/652546,2018
672442,浴血广昌,http://www.cbooo.cn/m/672442,2018
631038,昨日青空,http://www.cbooo.cn/m/631038,2018
677693,你好，之华,http://www.cbooo.cn/m/677693,2018
656597,武林怪兽,http://www.cbooo.cn/m/656597,2018
679295,阿凡提之奇缘历险,http://www.cbooo.cn/m/679295,2018
639863,冰雪女王3：火与冰,http://www.cbooo.cn/m/639863,2018
657490,潜艇总动员：海底两万里,http://www.cbooo.cn/m/657490,2018
668962,泄密者,http://www.cbooo.cn/m/668962,2018
672829,江湖儿女,http://www.cbooo.cn/m/672829,2018
654226,龙虾刑警,http://www.cbooo.cn/m/654226,2018
677231,神奇马戏团,http://www.cbooo.cn/m/677231,2018
629372,闺蜜2,http://www.cbooo.cn/m/629372,2018
663226,英雄本色2018,http://www.cbooo.cn/m/663226,2018
682164,新灰姑娘,http://www.cbooo.cn/m/682164,2018
668536,暴裂无声,http://www.cbooo.cn/m/668536,2018
619583,狗十三,http://www.cbooo.cn/m/619583,2018
662641,遇见你真好,http://www.cbooo.cn/m/662641,2018
666460,断片之险途夺宝,http://www.cbooo.cn/m/666460,2018
628633,阿修罗,http://www.cbooo.cn/m/628633,2018
661934,谜巢,http://www.cbooo.cn/m/661934,2018
674343,爸，我一定行的,http://www.cbooo.cn/m/674343,2018
668959,卧底巨星,http://www.cbooo.cn/m/668959,2018
643724,战神纪,http://www.cbooo.cn/m/643724,2018
675234,大闹西游,http://www.cbooo.cn/m/675234,2018
670904,妈妈咪鸭,http://www.cbooo.cn/m/670904,2018
671362,我是你妈,http://www.cbooo.cn/m/671362,2018
643903,脱单告急,http://www.cbooo.cn/m/643903,2018
661851,低压槽：欲望之城,http://www.cbooo.cn/m/661851,2018
616870,冰封侠:时空行者,http://www.cbooo.cn/m/616870,2018
640887,奇葩朵朵,http://www.cbooo.cn/m/640887,2018
681602,恐龙王,http://www.cbooo.cn/m/681602,2018
655654,金龟子,http://www.cbooo.cn/m/655654,2018
629824,宝贝儿,http://www.cbooo.cn/m/629824,2018
667840,坏爸爸,http://www.cbooo.cn/m/667840,2018
675900,大路朝天,http://www.cbooo.cn/m/675900,2018
655316,猫与桃花源,http://www.cbooo.cn/m/655316,2018
672649,魔镜奇缘2,http://www.cbooo.cn/m/672649,2018
673593,藏北秘岭·重返无人区,http://www.cbooo.cn/m/673593,2018
638435,中国合伙人2,http://www.cbooo.cn/m/638435,2018
666513,泡芙小姐,http://www.cbooo.cn/m/666513,2018
666952,功夫联盟,http://www.cbooo.cn/m/666952,2018
663152,中国蓝盔,http://www.cbooo.cn/m/663152,2018
644531,我说的都是真的,http://www.cbooo.cn/m/644531,2018
676757,深海历险记,http://www.cbooo.cn/m/676757,2018
653406,古剑奇谭之流月昭明,http://www.cbooo.cn/m/653406,2018
674436,天渠,http://www.cbooo.cn/m/674436,2018
673542,为你写诗,http://www.cbooo.cn/m/673542,2018
680504,李保国,http://www.cbooo.cn/m/680504,2018
641617,道高一丈,http://www.cbooo.cn/m/641617,2018
676763,信仰者,http://www.cbooo.cn/m/676763,2018
678280,天慕,http://www.cbooo.cn/m/678280,2018
642601,说走就走之不说再见,http://www.cbooo.cn/m/642601,2018
671502,24小时：末路重生,http://www.cbooo.cn/m/671502,2018
643976,解码游戏,http://www.cbooo.cn/m/643976,2018
675992,最后一公里,http://www.cbooo.cn/m/675992,2018
677988,小悟空,http://www.cbooo.cn/m/677988,2018
672657,人怕出名猪怕壮,http://www.cbooo.cn/m/672657,2018
675139,照相师,http://www.cbooo.cn/m/675139,2018
676566,又是一年三月三,http://www.cbooo.cn/m/676566,2018
641843,脱皮爸爸,http://www.cbooo.cn/m/641843,2018
681662,春天的马拉松,http://www.cbooo.cn/m/681662,2018
641088,未择之路,http://www.cbooo.cn/m/641088,2018
619427,香港大营救,http://www.cbooo.cn/m/619427,2018
638262,大寒,http://www.cbooo.cn/m/638262,2018
675739,小公主艾薇拉与神秘王国,http://www.cbooo.cn/m/675739,2018
668229,敦煌不了情,http://www.cbooo.cn/m/668229,2018
631257,麦兵兵之夺宝联“萌”,http://www.cbooo.cn/m/631257,2018
676874,阿里巴巴三根金发,http://www.cbooo.cn/m/676874,2018
673059,出山记,http://www.cbooo.cn/m/673059,2018
682178,远去的牧歌,http://www.cbooo.cn/m/682178,2018
677990,文朝荣,http://www.cbooo.cn/m/677990,2018
680244,警车联盟,http://www.cbooo.cn/m/680244,2018
679588,您一定不要错过,http://www.cbooo.cn/m/679588,2018
678323,美食大冒险之英雄烩,http://www.cbooo.cn/m/678323,2018
642989,那些女人,http://www.cbooo.cn/m/642989,2018
674950,吃货宇宙,http://www.cbooo.cn/m/674950,2018
683620,生活万岁,http://www.cbooo.cn/m/683620,2018
677432,李学生,http://www.cbooo.cn/m/677432,2018
643625,毕业作品,http://www.cbooo.cn/m/643625,2018
681179,两只小猪之勇闯神秘岛,http://www.cbooo.cn/m/681179,2018
668711,给19岁的我自己,http://www.cbooo.cn/m/668711,2018
641425,黑暗迷宫,http://www.cbooo.cn/m/641425,2018
684593,龟兔大作战,http://www.cbooo.cn/m/684593,2018
657725,西北风云,http://www.cbooo.cn/m/657725,2018
618240,寻找罗麦,http://www.cbooo.cn/m/618240,2018
666590,暗夜良人,http://www.cbooo.cn/m/666590,2018
642235,S4侠降魔记,http://www.cbooo.cn/m/642235,2018
659657,你美丽了我的人生,http://www.cbooo.cn/m/659657,2018
672053,午夜幽灵,http://www.cbooo.cn/m/672053,2018
679589,冷恋时代,http://www.cbooo.cn/m/679589,2018
675238,二十岁,http://www.cbooo.cn/m/675238,2018
681411,午夜整容室,http://www.cbooo.cn/m/681411,2018
669155,尖叫直播,http://www.cbooo.cn/m/669155,2018
668237,记忆折叠,http://www.cbooo.cn/m/668237,2018
676995,肆式青春,http://www.cbooo.cn/m/676995,2018
682136,超时空大冒险,http://www.cbooo.cn/m/682136,2018
654818,灵魂契约,http://www.cbooo.cn/m/654818,2018
666459,大世界,http://www.cbooo.cn/m/666459,2018
629801,恐怖浴室,http://www.cbooo.cn/m/629801,2018
659697,路过未来,http://www.cbooo.cn/m/659697,2018
676279,阿拉姜色,http://www.cbooo.cn/m/676279,2018
679762,解剖室灵异事件之男生宿舍,http://www.cbooo.cn/m/679762,2018
638936,午夜十二点,http://www.cbooo.cn/m/638936,2018
631342,纯洁心灵·逐梦演艺圈,http://www.cbooo.cn/m/631342,2018
647053,美丽童年,http://www.cbooo.cn/m/647053,2018
675502,瞳灵公馆,http://www.cbooo.cn/m/675502,2018
679680,黑暗深处之惊魂夜,http://www.cbooo.cn/m/679680,2018
659027,恐怖快递,http://www.cbooo.cn/m/659027,2018
659490,米花之味,http://www.cbooo.cn/m/659490,2018
664868,两个俏公主,http://www.cbooo.cn/m/664868,2018
668716,暮光·巴黎,http://www.cbooo.cn/m/668716,2018
678854,惊慌失色之诡寓,http://www.cbooo.cn/m/678854,2018
673402,禹神传之寻找神力,http://www.cbooo.cn/m/673402,2018
672031,归雁,http://www.cbooo.cn/m/672031,2018
678841,旅行吧！井底之蛙,http://www.cbooo.cn/m/678841,2018
668700,时空偷渡少女,http://www.cbooo.cn/m/668700,2018
664921,玲珑井,http://www.cbooo.cn/m/664921,2018
677556,亲爱的，我要和别人结婚了,http://www.cbooo.cn/m/677556,2018
669930,西小河的夏天,http://www.cbooo.cn/m/669930,2018
673655,凌晨两点半,http://www.cbooo.cn/m/673655,2018
662190,足球王者,http://www.cbooo.cn/m/662190,2018
661440,让我怎么相信你,http://www.cbooo.cn/m/661440,2018
660986,闽宁镇,http://www.cbooo.cn/m/660986,2018
675812,黄大年,http://www.cbooo.cn/m/675812,2018
673960,勇敢往事,http://www.cbooo.cn/m/673960,2018
673025,小狗奶瓶,http://www.cbooo.cn/m/673025,2018
643001,古墓兽影,http://www.cbooo.cn/m/643001,2018
655866,黄金花,http://www.cbooo.cn/m/655866,2018
678839,细思极恐,http://www.cbooo.cn/m/678839,2018
641608,毛骨悚然之红衣男孩,http://www.cbooo.cn/m/641608,2018
682468,冒牌搭档,http://www.cbooo.cn/m/682468,2018
661392,命运速递,http://www.cbooo.cn/m/661392,2018
674517,八仙,http://www.cbooo.cn/m/674517,2018
589422,一个人的课堂,http://www.cbooo.cn/m/589422,2018
644852,开学悸,http://www.cbooo.cn/m/644852,2018
670631,荒城纪,http://www.cbooo.cn/m/670631,2018
655917,因果启示录,http://www.cbooo.cn/m/655917,2018
677225,伊阿索密码,http://www.cbooo.cn/m/677225,2018
674519,大三儿,http://www.cbooo.cn/m/674519,2018
642209,灵魂当铺之时间典当,http://www.cbooo.cn/m/642209,2018
676120,热土,http://www.cbooo.cn/m/676120,2018
663120,监狱犬计划,http://www.cbooo.cn/m/663120,2018
660865,曹操与杨修（京剧）,http://www.cbooo.cn/m/660865,2018
661220,一百年很长吗,http://www.cbooo.cn/m/661220,2018
673523,忠犬大营救,http://www.cbooo.cn/m/673523,2018
680238,非洲遇见你,http://www.cbooo.cn/m/680238,2018
677992,我要去远方,http://www.cbooo.cn/m/677992,2018
663148,海龙屯,http://www.cbooo.cn/m/663148,2018
630885,蓝色金鱼,http://www.cbooo.cn/m/630885,2018
656883,三国杀·幻,http://www.cbooo.cn/m/656883,2018
671369,台仙魔咒,http://www.cbooo.cn/m/671369,2018
675891,最后的棒棒,http://www.cbooo.cn/m/675891,2018
675783,无眸之杀,http://www.cbooo.cn/m/675783,2018
630049,泡菜爱上小龙虾,http://www.cbooo.cn/m/630049,2018
644877,萌学园：寻找盘古,http://www.cbooo.cn/m/644877,2018
682179,张艺谋和他的“影”,http://www.cbooo.cn/m/682179,2018
674468,姽婳,http://www.cbooo.cn/m/674468,2018
652510,一纸婚约,http://www.cbooo.cn/m/652510,2018
676759,地层深处,http://www.cbooo.cn/m/676759,2018
639900,理想之路,http://www.cbooo.cn/m/639900,2018
672044,北方一片苍茫,http://www.cbooo.cn/m/672044,2018
672051,吻隐者,http://www.cbooo.cn/m/672051,2018
642702,快乐星球之三十六号,http://www.cbooo.cn/m/642702,2018
670408,极品师徒,http://www.cbooo.cn/m/670408,2018
641589,草戒指,http://www.cbooo.cn/m/641589,2018
643008,七号公馆,http://www.cbooo.cn/m/643008,2018
677994,冥王星时刻,http://www.cbooo.cn/m/677994,2018
641803,清水里的刀子,http://www.cbooo.cn/m/641803,2018
654238,冰封迷案,http://www.cbooo.cn/m/654238,2018
674600,盲·道,http://www.cbooo.cn/m/674600,2018
673661,在天堂等我,http://www.cbooo.cn/m/673661,2018
679761,天下第一镖局,http://www.cbooo.cn/m/679761,2018
673822,青春不留白,http://www.cbooo.cn/m/673822,2018
669945,血十三,http://www.cbooo.cn/m/669945,2018
682513,进击的男孩,http://www.cbooo.cn/m/682513,2018
663366,破天荒,http://www.cbooo.cn/m/663366,2018
672050,破梦游戏,http://www.cbooo.cn/m/672050,2018
642153,时空终点,http://www.cbooo.cn/m/642153,2018
660754,中邪,http://www.cbooo.cn/m/660754,2018
677030,破门,http://www.cbooo.cn/m/677030,2018
655922,我来自纽约,http://www.cbooo.cn/m/655922,2018
663462,摇滚小子,http://www.cbooo.cn/m/663462,2018
613004,我的影子在奔跑,http://www.cbooo.cn/m/613004,2018
672262,马兰花开,http://www.cbooo.cn/m/672262,2018
643085,柳毅奇缘（粤剧）,http://www.cbooo.cn/m/643085,2018
670317,苏庆亮,http://www.cbooo.cn/m/670317,2018
670357,无迹可寻,http://www.cbooo.cn/m/670357,2018
672055,策反,http://www.cbooo.cn/m/672055,2018
679788,天佑之爱,http://www.cbooo.cn/m/679788,2018
618052,红盾先锋,http://www.cbooo.cn/m/618052,2018
669590,余额不足,http://www.cbooo.cn/m/669590,2018
629777,天籁梦想,http://www.cbooo.cn/m/629777,2018
643297,中学时代,http://www.cbooo.cn/m/643297,2018
643337,皮鞋,http://www.cbooo.cn/m/643337,2018
663444,正正的世界,http://www.cbooo.cn/m/663444,2018
675568,玩命,http://www.cbooo.cn/m/675568,2018
676616,梦境之源,http://www.cbooo.cn/m/676616,2018
611374,我的渡口,http://www.cbooo.cn/m/611374,2018
630602,三伏天,http://www.cbooo.cn/m/630602,2018
661037,大雪冬至,http://www.cbooo.cn/m/661037,2018
661247,疯狂熊孩子,http://www.cbooo.cn/m/661247,2018
672093,过往的梦,http://www.cbooo.cn/m/672093,2018
672861,奶奶的家,http://www.cbooo.cn/m/672861,2018
669431,三界,http://www.cbooo.cn/m/669431,2018
674412,沿海出发,http://www.cbooo.cn/m/674412,2018
663414,雪·葬,http://www.cbooo.cn/m/663414,2018
680240,爱不可及,http://www.cbooo.cn/m/680240,2018
631509,一辈子的姐弟,http://www.cbooo.cn/m/631509,2018
659764,大导归来,http://www.cbooo.cn/m/659764,2018
678278,我是检察官,http://www.cbooo.cn/m/678278,2018
678896,纯真年代,http://www.cbooo.cn/m/678896,2018
653787,左滩,http://www.cbooo.cn/m/653787,2018
654766,淡蓝琥珀,http://www.cbooo.cn/m/654766,2018
660715,自行车与旧电钢,http://www.cbooo.cn/m/660715,2018
669940,夜魔奇案,http://www.cbooo.cn/m/669940,2018
674251,奇幻梦之旅,http://www.cbooo.cn/m/674251,2018
652806,毕业旅行笑翻天,http://www.cbooo.cn/m/652806,2018
654130,向阳的日子,http://www.cbooo.cn/m/654130,2018
673993,致命夺宝,http://www.cbooo.cn/m/673993,2018
659536,求求你爱上我,http://www.cbooo.cn/m/659536,2018
637939,片警宝音,http://www.cbooo.cn/m/637939,2018
680404,美丽战争,http://www.cbooo.cn/m/680404,2018
638294,五度空间,http://www.cbooo.cn/m/638294,2018
661019,八只鸡,http://www.cbooo.cn/m/661019,2018
669165,天刃,http://www.cbooo.cn/m/669165,2018
673575,壹号别墅,http://www.cbooo.cn/m/673575,2018
677347,天下父母,http://www.cbooo.cn/m/677347,2018
629148,出山,http://www.cbooo.cn/m/629148,2018
590022,大唐风云2,http://www.cbooo.cn/m/590022,2018
608122,地下凶猛,http://www.cbooo.cn/m/608122,2018
652805,寻找女神·娇阿依,http://www.cbooo.cn/m/652805,2018
631709,怒放的花儿,http://www.cbooo.cn/m/631709,2018
639328,云上日出,http://www.cbooo.cn/m/639328,2018
663325,落绕,http://www.cbooo.cn/m/663325,2018
666738,不一样的焰火,http://www.cbooo.cn/m/666738,2018
669533,翻滚吧姐妹,http://www.cbooo.cn/m/669533,2018
670663,擒贼先擒王,http://www.cbooo.cn/m/670663,2018
626345,红月亮之武陵山歌,http://www.cbooo.cn/m/626345,2018
628677,产科男生,http://www.cbooo.cn/m/628677,2018
628810,天使的声音,http://www.cbooo.cn/m/628810,2018
643365,明天有多远,http://www.cbooo.cn/m/643365,2018
659550,爱在前方,http://www.cbooo.cn/m/659550,2018
666725,请你记住我,http://www.cbooo.cn/m/666725,2018
663229,寻找雪山,http://www.cbooo.cn/m/663229,2018
669089,格桑花开的时候,http://www.cbooo.cn/m/669089,2018
669147,梭哈人生,http://www.cbooo.cn/m/669147,2018
629826,疯狂的麻将,http://www.cbooo.cn/m/629826,2018
654524,二师兄来了,http://www.cbooo.cn/m/654524,2018
660898,神谕通天,http://www.cbooo.cn/m/660898,2018
676761,时间暗局,http://www.cbooo.cn/m/676761,2018
629354,33号公路,http://www.cbooo.cn/m/629354,2018
671187,爱在归来那一天,http://www.cbooo.cn/m/671187,2018
672389,疯狂暑期之哈喽怪物,http://www.cbooo.cn/m/672389,2018
652799,大烟炮!一千八!,http://www.cbooo.cn/m/652799,2018
671908,同名男子,http://www.cbooo.cn/m/671908,2018
674363,萌宠入殓师,http://www.cbooo.cn/m/674363,2018
628640,阳光夏令营,http://www.cbooo.cn/m/628640,2018
629324,来日方长,http://www.cbooo.cn/m/629324,2018
653856,青春24秒,http://www.cbooo.cn/m/653856,2018
663065,丢心,http://www.cbooo.cn/m/663065,2018
673213,一个人的江湖,http://www.cbooo.cn/m/673213,2018
639823,天梦,http://www.cbooo.cn/m/639823,2018
640929,轻轻握住你的手,http://www.cbooo.cn/m/640929,2018
655799,那年，我还没长大,http://www.cbooo.cn/m/655799,2018
662592,他是一只狗,http://www.cbooo.cn/m/662592,2018
663068,超萌特攻,http://www.cbooo.cn/m/663068,2018
668707,熊猫石的奇幻旅行,http://www.cbooo.cn/m/668707,2018
673145,河间圣手,http://www.cbooo.cn/m/673145,2018
673185,梦想者联盟,http://www.cbooo.cn/m/673185,2018
674796,奔,http://www.cbooo.cn/m/674796,2018
664936,只想好好和你在一起,http://www.cbooo.cn/m/664936,2018
671371,芒刺,http://www.cbooo.cn/m/671371,2018
673434,遥远的他,http://www.cbooo.cn/m/673434,2018
673616,爱情的单程列车,http://www.cbooo.cn/m/673616,2018
674629,时间监狱,http://www.cbooo.cn/m/674629,2018
677728,雾都神探之绝情箭,http://www.cbooo.cn/m/677728,2018
680245,侠路相逢,http://www.cbooo.cn/m/680245,2018
641841,盯上小偷的贼,http://www.cbooo.cn/m/641841,2018
653514,左手右手,http://www.cbooo.cn/m/653514,2018
660933,审判者1,http://www.cbooo.cn/m/660933,2018
662630,那条河,http://www.cbooo.cn/m/662630,2018
667424,醉佳导演,http://www.cbooo.cn/m/667424,2018
675554,我想和你们在一起,http://www.cbooo.cn/m/675554,2018
678000,堡藏,http://www.cbooo.cn/m/678000,2018
643555,有5个姐姐的我就注定要单身了啊,http://www.cbooo.cn/m/643555,2018
658236,三十那年,http://www.cbooo.cn/m/658236,2018
672727,火魔高跟鞋,http://www.cbooo.cn/m/672727,2018
675325,出走的娜拉,http://www.cbooo.cn/m/675325,2018
594441,关关雎鸠,http://www.cbooo.cn/m/594441,2018
618496,渠首欢歌,http://www.cbooo.cn/m/618496,2018
639940,莫名我就喜欢你,http://www.cbooo.cn/m/639940,2018
640685,对戒,http://www.cbooo.cn/m/640685,2018
641836,半个月亮,http://www.cbooo.cn/m/641836,2018
641887,只能活一个,http://www.cbooo.cn/m/641887,2018
643214,二胎来了,http://www.cbooo.cn/m/643214,2018
652335,疯狂的公牛,http://www.cbooo.cn/m/652335,2018
662178,青春后驱动,http://www.cbooo.cn/m/662178,2018
669792,我来过,http://www.cbooo.cn/m/669792,2018
670777,假装不正经,http://www.cbooo.cn/m/670777,2018
673885,闺蜜的战争,http://www.cbooo.cn/m/673885,2018
684240,铁臂双雄,http://www.cbooo.cn/m/684240,2018
638365,名将之后,http://www.cbooo.cn/m/638365,2018
639659,生如夏花,http://www.cbooo.cn/m/639659,2018
642503,舌尖上的斗争,http://www.cbooo.cn/m/642503,2018
642692,冒牌恋人,http://www.cbooo.cn/m/642692,2018
652778,恋爱101度,http://www.cbooo.cn/m/652778,2018
653716,爱在湘西,http://www.cbooo.cn/m/653716,2018
661399,追宝狂想曲,http://www.cbooo.cn/m/661399,2018
666708,正好的我们,http://www.cbooo.cn/m/666708,2018
668706,任性的硬币,http://www.cbooo.cn/m/668706,2018
672381,漂亮的村事,http://www.cbooo.cn/m/672381,2018
672602,寄生夙愿,http://www.cbooo.cn/m/672602,2018
673116,九门提督,http://www.cbooo.cn/m/673116,2018
673314,别让爱情走弯路,http://www.cbooo.cn/m/673314,2018
673382,疯狂这一年,http://www.cbooo.cn/m/673382,2018
678836,心灵救赎,http://www.cbooo.cn/m/678836,2018
682479,那些名字那些年,http://www.cbooo.cn/m/682479,2018
618755,谁来陪伴我,http://www.cbooo.cn/m/618755,2018
625937,天眸之爱,http://www.cbooo.cn/m/625937,2018
626764,苗寨情缘,http://www.cbooo.cn/m/626764,2018
627406,无法触碰的爱,http://www.cbooo.cn/m/627406,2018
631429,暗剑,http://www.cbooo.cn/m/631429,2018
641624,谁是坏孩子,http://www.cbooo.cn/m/641624,2018
652741,浪漫七夕之疯狂搅局,http://www.cbooo.cn/m/652741,2018
653891,请把生命交给我,http://www.cbooo.cn/m/653891,2018
653926,青春正蓝,http://www.cbooo.cn/m/653926,2018
654149,缘·梦,http://www.cbooo.cn/m/654149,2018
664870,勇者闯魔城,http://www.cbooo.cn/m/664870,2018
671370,亭城之恋,http://www.cbooo.cn/m/671370,2018
671899,药仙,http://www.cbooo.cn/m/671899,2018
672817,寻娃总动员,http://www.cbooo.cn/m/672817,2018
672836,凤皇传,http://www.cbooo.cn/m/672836,2018
673573,杀无赦,http://www.cbooo.cn/m/673573,2018
673706,拳职妈妈,http://www.cbooo.cn/m/673706,2018
673793,骑士阿吉,http://www.cbooo.cn/m/673793,2018
678840,铁笼,http://www.cbooo.cn/m/678840,2018
680365,第四届成龙国际动作电影周,http://www.cbooo.cn/m/680365,2018
680973,美少女壮士,http://www.cbooo.cn/m/680973,2018
637649,恩师,http://www.cbooo.cn/m/637649,2018
638885,财迷,http://www.cbooo.cn/m/638885,2018
639316,风速时光,http://www.cbooo.cn/m/639316,2018
639834,大闹东海,http://www.cbooo.cn/m/639834,2018
652545,下半场,http://www.cbooo.cn/m/652545,2018
654423,转型团伙,http://www.cbooo.cn/m/654423,2018
659654,特警云豹,http://www.cbooo.cn/m/659654,2018
661373,新蜀山剑侠传,http://www.cbooo.cn/m/661373,2018
663062,锁,http://www.cbooo.cn/m/663062,2018
667461,黑蝴蝶,http://www.cbooo.cn/m/667461,2018
669800,初恋的滋味,http://www.cbooo.cn/m/669800,2018
672626,九克拉战栗,http://www.cbooo.cn/m/672626,2018
672840,卖命,http://www.cbooo.cn/m/672840,2018
673446,封门笔仙,http://www.cbooo.cn/m/673446,2018
674283,味之道,http://www.cbooo.cn/m/674283,2018
674384,空天战队之星兽大战,http://www.cbooo.cn/m/674384,2018
676198,爱的帕斯卡（重映）,http://www.cbooo.cn/m/676198,2018
676201,爸爸的木房子（重映）,http://www.cbooo.cn/m/676201,2018
676362,龙在哪里？（重映）,http://www.cbooo.cn/m/676362,2018
676589,四平青年之喋血曼谷,http://www.cbooo.cn/m/676589,2018
676923,怨灵玩偶,http://www.cbooo.cn/m/676923,2018
676926,女校怪谈,http://www.cbooo.cn/m/676926,2018
677025,古城会（重映）,http://www.cbooo.cn/m/677025,2018
677200,灵妖鉴之盘丝小仙,http://www.cbooo.cn/m/677200,2018
677487,爱是永恒,http://www.cbooo.cn/m/677487,2018
677489,光影之战（重映）,http://www.cbooo.cn/m/677489,2018
677491,家,http://www.cbooo.cn/m/677491,2018
678015,大耳朵图图之美食狂想曲（重映）,http://www.cbooo.cn/m/678015,2018
678287,那年八岁（重映）,http://www.cbooo.cn/m/678287,2018
679163,老家新家（重映）,http://www.cbooo.cn/m/679163,2018
679197,股权风云,http://www.cbooo.cn/m/679197,2018
680402,真心话太冒险,http://www.cbooo.cn/m/680402,2018
680749,名将之后（复映）,http://www.cbooo.cn/m/680749,2018
680829,怨灵3,http://www.cbooo.cn/m/680829,2018
680886,嘻哈英熊（重映）,http://www.cbooo.cn/m/680886,2018
682006,疯狂丑小鸭（重映）,http://www.cbooo.cn/m/682006,2018
682007,三只小猪2（重映）,http://www.cbooo.cn/m/682007,2018
682046,赛尔号大电影6：圣者无敌（重映）,http://www.cbooo.cn/m/682046,2018
682457,禁锢之地,http://www.cbooo.cn/m/682457,2018
682496,世界上最远的距离,http://www.cbooo.cn/m/682496,2018
682889,双生,http://www.cbooo.cn/m/682889,2018
682948,信守,http://www.cbooo.cn/m/682948,2018
683251,红高粱（重映）,http://www.cbooo.cn/m/683251,2018
683557,旗袍先生（重映）,http://www.cbooo.cn/m/683557,2018
684969,水族魂1944,http://www.cbooo.cn/m/684969,2018
